{"resources":["assets/sounds/effects.mp3"],"spritemap":{"beep":{"start":0,"end":0.19201814058956915,"loop":false},"button_click":{"start":2,"end":2.2089795918367345,"loop":false},"daily_reward":{"start":4,"end":4.914285714285715,"loop":false},"diamonds_eat":{"start":6,"end":7.488979591836735,"loop":false},"gift_charge":{"start":9,"end":10.697959183673468,"loop":false},"gift_explode":{"start":12,"end":14.84734693877551,"loop":false},"gift_reveal":{"start":16,"end":17.12326530612245,"loop":false},"popup_off":{"start":19,"end":19.914285714285715,"loop":false},"popup_show":{"start":21,"end":21.339591836734694,"loop":false},"start_game":{"start":23,"end":26.123083900226757,"loop":false}}}